BARCODE,PRODUCT NAME,PRICE,
FUMTRHUIV54PU,Adipotide - 10 MG,$88.99 ,
FFH39467DK,AOD-9604 2mg,$42.00 ,
GGG58135DK,BPC 157 10mg,$60.00 ,
GGG5814RX,BPC 157 2mg,$27.00 ,
GGG5817RX,BPC 157 5mg,$36.00 ,
HRKVLZUSKMHH52RX,Cagrilintide 10mg,$150.00 ,
HRKVLZUSKMHH9YL,Cagrilintide 5mg,$90.00 ,
HAG5537BZXLGOO7DK,CJC-1295 WITH DAC 2mg,$36.00 ,
HAG5537BZXLGOO0DK,CJC-1295 with DAC 5mg,$56.00 ,
HAG5537BZXLRIFIRG53AS,CJC-1295 without DAC 10mg,$81.00 ,
HAG5537BZXLRIFIRG6PU,CJC-1295 without DAC 2mg,$30.00 ,
HAG5537BZXLRIFIRG9PU,CJC-1295 without DAC 5mg,$48.00 ,
IJMT8AS,DSIP (Delta Sleep-Inducing Peptide) 5mg,$50.00 ,
JGMXKOXTE54PU,Epithalon 10mg,$90.00 ,
LYOGX525DK,GHK-Cu 100mg,$75.00 ,
LYOGX92RX,GHK-Cu 50mg,$45.00 ,
LYVT56YL,GHRP-2 - 2mg,$36.00 ,
LYVT59YL,GHRP-2 5mg,$39.00 ,
MTK9342NL,HCG 5,$60.00 ,
MVBEUSXNE6QJ,Hexarelin 2mg,$45.00 ,
MVBEUSXNE9QJ,Hexarelin 5mg,$45.00 ,
MDK18WG,HMG 75iu/vial,$36.00 ,
NXJ5OF5.6DK,IGF-1 LR3 .1mg,$35.00 ,
NXJ5OF56DK,IGF-1 LR3 1mg,$110.00 ,
NGEQRFQQZR53AS,Ipamorelin 10mg,$27.00 ,
NGEQRFQQZR6PU,Ipamorelin 2mg,$27.00 ,
NGEQRFQQZR9PU,Ipamorelin 5mg,$27.00 ,
PZWWSSBYZR53-9YL,Kisspeptin-10 5mg,$65.00 ,
RVPEQCFFE6-53AS,Melanotan 2 10mg,$30.00 ,
RFXWF52RX,MOTS-C 10mg,$65.00 ,
SRH934YL,NAD+ 500mg,$84.00 ,
TOCXRQUSRGIWOFJ9QK,Oxytocin Acetate - 2mg,$59.99 ,
UVKQJT,PEG-MGF,$70.00 ,
UK58452RX,PT-141 10mg,$104.00 ,
UK5849YL,PT-141 5mg,$52.00 ,
WVXEWFGYZHI44YL,Retatrutide 10 MG,$144.00 ,
XVPEQY7RX,Selank 5mg,$55.00 ,
XVQEJZGYZHI44YL,Semaglutide 10mg,$120.00 ,
XVQEJZGYZHI5AS,Semaglutide 2mg,$50.00 ,
XVQEJZGYZHI8AS,Semaglutide 5mg,$84.00 ,
XVQEA52RX,Semax 10mg,$74.99 ,
XVVQRFQQZR6PU,Sermorelin 2mg,$100.00 ,
XVVQRFQQZR9PU,Sermorelin 5mg,$81.00 ,
XEET152RX,Snap-8 10mg,$33.00 ,
XJ75-44YL,SS-31 10mg,$63.00 ,
XJ75-84YL,SS-31 50mg,$168.00 ,
YS943-52RX,TB-500 10mg,$96.00 ,
YS943-6YL,TB-500 2mg,$36.00 ,
YS943-9YL,TB-500 5mg,$63.00 ,
YVWEPCDJCMR44YL,Tesamorelin 10 mg,$140.00 ,
YVWEPCDJCMR5AS,Tesamorelin 2 mg,$60.00 ,
YVWEPCDJCMR8AS,Tesamorelin 5 mg,$80.00 ,
YYCQRGUSRPTKO3-67QK,Thymosin alpha 1 - 10 MG,$105.00 ,
YYCQRGUSRPTKO3-0DK,Thymosin alpha 1 - 5 MG,$70.00 ,
YYCQXZUNE,Thymulin,$119.99 ,
YZVDHDMYZHI44YL,Tirzepatide 10 mg,$117.00 ,
YZVDHDMYZHI49YL,Tirzepatide 15 mg,$150.00 ,
YZVDHDMYZHI64YL,Tirzepatide 30 mg,$210.00 ,
YZVDHDMYZHI8AS,Tirzepatide 5mg,$84.00 ,
YZVDHDMYZHI94YL,Tirzepatide 60 mg,$360.00 ,